ENCOUNTER_ID,ENCOUNTER_DTS,PATIENT_ID,PROVIDER_ID,ROOM_ID,PT_HEIGHT_INCHES_VAL,PT_WEIGHT_VAL,PT_TEMPERATURE_F_VAL,TOTAL_CHARGE_AMT,TOTAL_BALANCE_AMT,MED_ERROR_FLG,INSURANCE_ID,PATIENT_FIRST_NM,PATIENT_LAST_NM,PATIENT_BIRTH_DT,GENDER_CD,PATIENT_BLOOD_TYPE_CD,PATIENT_PHONE_TXT,INITIAL_ENCOUNTER_TXT,PROVIDER_FIRST_NM,PROVIDER_LAST_NM,PROVIDER_BIRTH_DT,PROFESSION_TYPE_CD,PROFESSION_TYPE_DSC,PROVIDER_STATUS_TXT,PROVIDER_PHONE_TXT,PROCEDURE_ID,ENCOUNTER_ID_1,PROCEDURE_CD,PROCEDURE_DSC,PROCEDURE_DTS,INSURANCE_NM,COVERAGE_START_DT,COVERAGE_END_DT
110371,3-Jan-07,3852,9376,A1,62,137,,204.17,40,0,224,Lorie,Jones,3-Mar-72,F,,801-234-7319,02.20.2005,MARIA,PETERSON,31-Mar-65,MD,Doctor of Medicine,Active,435-265-2254,88213,110371,med,Medication Administration,3-Jan-07,Basic,1-Jan-07,31-Dec-07
110371,3-Jan-07,3852,9376,A1,62,137,,204.17,40,0,224,Lorie,Jones,3-Mar-72,F,,801-234-7319,02.20.2005,MARIA,PETERSON,31-Mar-65,MD,Doctor of Medicine,Active,435-265-2254,88214,110371,img,Radiology Image,3-Jan-07,Basic,1-Jan-07,31-Dec-07
110371,3-Jan-07,3852,9376,A1,62,137,,204.17,40,0,224,Lorie,Jones,3-Mar-72,F,,801-234-7319,02.20.2005,MARIA,PETERSON,31-Mar-65,MD,Doctor of Medicine,Active,435-265-2254,88215,110371,vac,Vaccination,3-Jan-07,Basic,1-Jan-07,31-Dec-07
110378,17-Jan-07,3657,9248,A2,58.8,162,,116.69,50,0,257,SUSAN,JONES,19-Oct-58,F,A+,276-534-9652,05.12.2001,BILL,JOHNSON,29-Sep-58,RN,Registered Nurse,Active,801-111-2323,88216,110378,med,Medication Administration,17-Jan-07,Preferred,1-Mar-07,31-Dec-07
110378,17-Jan-07,3657,9248,A2,58.8,162,,116.69,50,0,257,SUSAN,JONES,19-Oct-58,F,A+,276-534-9652,05.12.2001,BILL,JOHNSON,29-Sep-58,RN,Registered Nurse,Active,801-111-2323,88217,110378,vac,Vaccination,17-Jan-07,Preferred,1-Mar-07,31-Dec-07
110385,30-Jan-07,3543,9376,A1,69,161,98.6,325.79,0,0,281,Bill,Johnson,12-Feb-41,M,O-,458-239-1112,12.22.2003,MARIA,PETERSON,31-Mar-65,MD,Doctor of Medicine,Active,435-265-2254,88218,110385,wnd,Wound Dressing,30-Jan-07,Premium,1-Jan-07,30-Sep-07
110385,30-Jan-07,3543,9376,A1,69,161,98.6,325.79,0,0,281,Bill,Johnson,12-Feb-41,M,O-,458-239-1112,12.22.2003,MARIA,PETERSON,31-Mar-65,MD,Doctor of Medicine,Active,435-265-2254,88219,110385,img,Radiology Image,30-Jan-07,Premium,1-Jan-07,30-Sep-07
110385,30-Jan-07,3543,9376,A1,69,161,98.6,325.79,0,0,281,Bill,Johnson,12-Feb-41,M,O-,458-239-1112,12.22.2003,MARIA,PETERSON,31-Mar-65,MD,Doctor of Medicine,Active,435-265-2254,88220,110385,cst,Cast,30-Jan-07,Premium,1-Jan-07,30-Sep-07
110385,30-Jan-07,3543,9376,A1,69,161,98.6,325.79,0,0,281,Bill,Johnson,12-Feb-41,M,O-,458-239-1112,12.22.2003,MARIA,PETERSON,31-Mar-65,MD,Doctor of Medicine,Active,435-265-2254,88221,110385,wnd,Wound Dressing,30-Jan-07,Premium,1-Jan-07,30-Sep-07
110392,2-Feb-07,3111,9883,A2,66.2,143,98.6,60.92,10,0,224,Maria,Peterson,29-Feb-64,F,O+,435-444-2254,11.01.1999,ARVID,redman,11-Mar-46,MD,Doctor of Medicine,Active,385-432-9812,88222,110392,med,Medication Administration,2-Feb-07,Basic,1-Jan-07,31-Dec-07
110399,9-Feb-07,3966,9376,A3,61.2,135,98.2,252.97,0,0,281,Amanda,Lorenz,19-Oct-54,F,O+,801-744-7353,09.26.2000,MARIA,PETERSON,31-Mar-65,MD,Doctor of Medicine,Active,435-265-2254,88223,110399,bio,Biopsy,9-Feb-07,Premium,1-Jan-07,30-Sep-07
110406,18-Feb-07,3657,9376,A1,58.6,,98.7,83.81,0,1,257,SUSAN,JONES,19-Oct-58,F,A+,276-534-9652,05.12.2001,MARIA,PETERSON,31-Mar-65,MD,Doctor of Medicine,Active,435-265-2254,88224,110406,phy,Physical Examination,18-Feb-07,Preferred,1-Mar-07,31-Dec-07
110420,1-Mar-07,3277,9883,B2,73.4,183,99.9,127.98,10,0,290,Victor,Bates,13-Aug-32,M,B+,801-337-2417,09.08.2005,ARVID,redman,11-Mar-46,MD,Doctor of Medicine,Active,385-432-9812,88228,110420,med,Medication Administration,1-Mar-07,Extreme,1-Feb-07,31-Aug-07
110420,1-Mar-07,3277,9883,B2,73.4,183,99.9,127.98,10,0,290,Victor,Bates,13-Aug-32,M,B+,801-337-2417,09.08.2005,ARVID,redman,11-Mar-46,MD,Doctor of Medicine,Active,385-432-9812,88229,110420,phy,Physical Examination,1-Mar-07,Extreme,1-Feb-07,31-Aug-07
110427,5-Mar-07,3312,9376,A2,69.2,260,101.3,188.11,0,1,281,Drake,O'Connor,25-Dec-87,M,A+,385-347-1148,12.29.2003,MARIA,PETERSON,31-Mar-65,MD,Doctor of Medicine,Active,435-265-2254,88230,110427,wnd,Wound Dressing,5-Mar-07,Premium,1-Jan-07,30-Sep-07
110427,5-Mar-07,3312,9376,A2,69.2,260,101.3,188.11,0,1,281,Drake,O'Connor,25-Dec-87,M,A+,385-347-1148,12.29.2003,MARIA,PETERSON,31-Mar-65,MD,Doctor of Medicine,Active,435-265-2254,88231,110427,str,Suture,5-Mar-07,Premium,1-Jan-07,30-Sep-07
110427,5-Mar-07,3312,9376,A2,69.2,260,101.3,188.11,0,1,281,Drake,O'Connor,25-Dec-87,M,A+,385-347-1148,12.29.2003,MARIA,PETERSON,31-Mar-65,MD,Doctor of Medicine,Active,435-265-2254,88232,110427,img,Radiology Image,5-Mar-07,Premium,1-Jan-07,30-Sep-07
110434,11-Mar-07,3482,9439,A1,67.8,163,96.2,98.01,40,0,224,Harrold,Jensen,3-Jul-24,M,A+,385-278-8865,04.27.2000,SUSAN,JONES,19-Oct-58,RN,Registered Nurse,Active,801-844-8768,88233,110434,img,Radiology Image,11-Mar-07,Basic,1-Jan-07,31-Dec-07
110441,13-Mar-07,3354,9376,D,62.2,155,98.6,259.9,100,0,,Sylvia,Ming,5-Feb-69,F,O+,435-456-7965,04.25.2006,MARIA,PETERSON,31-Mar-65,MD,Doctor of Medicine,Active,435-265-2254,88234,110441,bio,Biopsy,13-Mar-07,,,
110448,21-Mar-07,3823,9376,B1,,133,98.9,300.98,0,0,224,Arlys,Anderson,21-Apr-89,F,A+,801-649-1425,10.19.2004,MARIA,PETERSON,31-Mar-65,MD,Doctor of Medicine,Active,435-265-2254,88235,110448,med,Medication Administration,21-Mar-07,Basic,1-Jan-07,31-Dec-07
110448,21-Mar-07,3823,9376,B1,,133,98.9,300.98,0,0,224,Arlys,Anderson,21-Apr-89,F,A+,801-649-1425,10.19.2004,MARIA,PETERSON,31-Mar-65,MD,Doctor of Medicine,Active,435-265-2254,88236,110448,bio,Biopsy,21-Mar-07,Basic,1-Jan-07,31-Dec-07
110455,24-Mar-07,3567,9769,B3,62.4,145,101.8,119.78,50,0,999,Sam,Lee,,N,O+,801-221-7542,07.11.2003,lenard,FREEman,18-May-63,RN,Registered Nurse,Active,801-892-2433,88237,110455,wnd,Wound Dressing,24-Mar-07,,,
110455,24-Mar-07,3567,9769,B3,62.4,145,101.8,119.78,50,0,999,Sam,Lee,,N,O+,801-221-7542,07.11.2003,lenard,FREEman,18-May-63,RN,Registered Nurse,Active,801-892-2433,88238,110455,img,Radiology Image,24-Mar-07,,,
110462,27-Mar-07,3966,9883,B1,61,138,98.6,144.44,0,0,281,Amanda,Lorenz,19-Oct-54,F,O+,801-744-7353,09.26.2000,ARVID,redman,11-Mar-46,MD,Doctor of Medicine,Active,385-432-9812,88239,110462,ekg,Electrocardiogram,27-Mar-07,Premium,1-Jan-07,30-Sep-07
110469,31-Mar-07,3587,9248,A3,67.4,155,98.6,192.04,10,0,257,Stanley,Oldroyd,28-Aug-20,M,A+,801-766-2122,04.09.1997,BILL,JOHNSON,29-Sep-58,RN,Registered Nurse,Active,801-111-2323,88240,110469,Clt,Culture,31-Mar-07,Preferred,1-Mar-07,31-Dec-07
110469,31-Mar-07,3587,9248,A3,67.4,155,98.6,192.04,10,0,257,Stanley,Oldroyd,28-Aug-20,M,A+,801-766-2122,04.09.1997,BILL,JOHNSON,29-Sep-58,RN,Registered Nurse,Active,801-111-2323,88241,110469,med,Medication Administration,31-Mar-07,Preferred,1-Mar-07,31-Dec-07
110476,7-Jan-07,3257,9376,C1,33.8,63,97.2,184.67,60,0,299,,Alvarez,8-Jan-04,,A-,385-590-1477,10.07.2004,MARIA,PETERSON,31-Mar-65,MD,Doctor of Medicine,Active,435-265-2254,88242,110476,med,Medication Administration,13-Apr-07,Cancelled,1-Jan-99,1-Jan-99
110476,7-Jan-07,3257,9376,C1,33.8,63,97.2,184.67,60,0,299,,Alvarez,8-Jan-04,,A-,385-590-1477,10.07.2004,MARIA,PETERSON,31-Mar-65,MD,Doctor of Medicine,Active,435-265-2254,88243,110476,clt,Culture,13-Apr-07,Cancelled,1-Jan-99,1-Jan-99
110483,20-Apr-07,3543,9117,A1,69.2,154,98.7,84.82,0,0,281,Bill,Johnson,12-Feb-41,M,O-,458-239-1112,12.22.2003,SAMUEL,MAGILL,6-Dec-70,MA,Medical Assistant,Active,801-238-4565,88244,110483,phy,Physical Examination,20-Apr-07,Premium,1-Jan-07,30-Sep-07
110490,2-May-07,3358,9883,D,71,225,98.3,135.59,0,0,290,Raymond,Davis,20-May-61,M,AB+,385-112-1125,07.14.2006,ARVID,redman,11-Mar-46,MD,Doctor of Medicine,Active,385-432-9812,88245,110490,ekg,Electrocardiogram,2-May-07,Extreme,1-Feb-07,31-Aug-07
110497,8-May-07,3621,9376,,71.8,368,98.4,336.57,10,0,257,Rob,Sorenson,23-Jun-56,3,AB+,801-885-7474,11.03.2002,MARIA,PETERSON,31-Mar-65,MD,Doctor of Medicine,Active,435-265-2254,88246,110497,ekg,Electrocardiogram,8-May-07,Preferred,1-Mar-07,31-Dec-07
110497,8-May-07,3621,9376,,71.8,368,98.4,336.57,10,0,257,Rob,Sorenson,23-Jun-56,3,AB+,801-885-7474,11.03.2002,MARIA,PETERSON,31-Mar-65,MD,Doctor of Medicine,Active,435-265-2254,88247,110497,img,Radiology Image,8-May-07,Preferred,1-Mar-07,31-Dec-07
110497,8-May-07,3621,9376,,71.8,368,98.4,336.57,10,0,257,Rob,Sorenson,23-Jun-56,3,AB+,801-885-7474,11.03.2002,MARIA,PETERSON,31-Mar-65,MD,Doctor of Medicine,Active,435-265-2254,88248,110497,med,Medication Administration,8-May-07,Preferred,1-Mar-07,31-Dec-07
110497,8-May-07,3621,9376,,71.8,368,98.4,336.57,10,0,257,Rob,Sorenson,23-Jun-56,3,AB+,801-885-7474,11.03.2002,MARIA,PETERSON,31-Mar-65,MD,Doctor of Medicine,Active,435-265-2254,88249,110497,phy,Physical Examination,8-May-07,Preferred,1-Mar-07,31-Dec-07
110504,10-May-07,3277,9376,C1,72.6,,102.3,140,30,0,290,Victor,Bates,13-Aug-32,M,B+,801-337-2417,09.08.2005,MARIA,PETERSON,31-Mar-65,MD,Doctor of Medicine,Active,435-265-2254,88250,110504,ekg,Electrocardiogram,10-May-07,Extreme,1-Feb-07,31-Aug-07
110511,11-May-07,3257,9376,A1,35.4,65,97.5,520.71,0,0,299,,Alvarez,8-Jan-04,,A-,385-590-1477,10.07.2004,MARIA,PETERSON,31-Mar-65,MD,Doctor of Medicine,Active,435-265-2254,88251,110511,cst,Cast,11-May-07,Cancelled,1-Jan-99,1-Jan-99
110511,11-May-07,3257,9376,A1,35.4,65,97.5,520.71,0,0,299,,Alvarez,8-Jan-04,,A-,385-590-1477,10.07.2004,MARIA,PETERSON,31-Mar-65,MD,Doctor of Medicine,Active,435-265-2254,88252,110511,wnd,Wound Dressing,11-May-07,Cancelled,1-Jan-99,1-Jan-99
110511,11-May-07,3257,9376,A1,35.4,65,97.5,520.71,0,0,299,,Alvarez,8-Jan-04,,A-,385-590-1477,10.07.2004,MARIA,PETERSON,31-Mar-65,MD,Doctor of Medicine,Active,435-265-2254,88253,110511,img,Radiology Image,11-May-07,Cancelled,1-Jan-99,1-Jan-99
110511,11-May-07,3257,9376,A1,35.4,65,97.5,520.71,0,0,299,,Alvarez,8-Jan-04,,A-,385-590-1477,10.07.2004,MARIA,PETERSON,31-Mar-65,MD,Doctor of Medicine,Active,435-265-2254,88254,110511,wnd,Wound Dressing,11-May-07,Cancelled,1-Jan-99,1-Jan-99
110511,11-May-07,3257,9376,A1,35.4,65,97.5,520.71,0,0,299,,Alvarez,8-Jan-04,,A-,385-590-1477,10.07.2004,MARIA,PETERSON,31-Mar-65,MD,Doctor of Medicine,Active,435-265-2254,88255,110511,clt,Culture,11-May-07,Cancelled,1-Jan-99,1-Jan-99
110511,11-May-07,3257,9376,A1,35.4,65,97.5,520.71,0,0,299,,Alvarez,8-Jan-04,,A-,385-590-1477,10.07.2004,MARIA,PETERSON,31-Mar-65,MD,Doctor of Medicine,Active,435-265-2254,88256,110511,str,Suture,11-May-07,Cancelled,1-Jan-99,1-Jan-99
110518,16-May-07,3111,9248,B2,66.4,132,98.5,142.88,40,0,224,Maria,Peterson,29-Feb-64,F,O+,435-444-2254,11.01.1999,BILL,JOHNSON,29-Sep-58,RN,Registered Nurse,Active,801-111-2323,88257,110518,clt,Culture,16-May-07,Basic,1-Jan-07,31-Dec-07
110525,17-May-07,3543,9883,D,69.2,159,,206.92,0,0,281,Bill,Johnson,12-Feb-41,M,O-,458-239-1112,12.22.2003,ARVID,redman,11-Mar-46,MD,Doctor of Medicine,Active,385-432-9812,88258,110525,str,Suture,17-May-07,Premium,1-Jan-07,30-Sep-07
110525,17-May-07,3543,9883,D,69.2,159,,206.92,0,0,281,Bill,Johnson,12-Feb-41,M,O-,458-239-1112,12.22.2003,ARVID,redman,11-Mar-46,MD,Doctor of Medicine,Active,385-432-9812,88259,110525,ekg,Electrocardiogram,17-May-07,Premium,1-Jan-07,30-Sep-07
110532,19-May-07,3852,9439,A2,62,193,96.8,180.42,0,0,224,Lorie,Jones,3-Mar-72,F,,801-234-7319,02.20.2005,SUSAN,JONES,19-Oct-58,RN,Registered Nurse,Active,801-844-8768,88260,110532,med,Medication Administration,19-May-07,Basic,1-Jan-07,31-Dec-07
110532,19-May-07,3852,9439,A2,62,193,96.8,180.42,0,0,224,Lorie,Jones,3-Mar-72,F,,801-234-7319,02.20.2005,SUSAN,JONES,19-Oct-58,RN,Registered Nurse,Active,801-844-8768,88261,110532,Clt,Culture,19-May-07,Basic,1-Jan-07,31-Dec-07
110539,21-May-07,3354,9376,D,62.2,145,98.7,87.03,0,0,,Sylvia,Ming,5-Feb-69,F,O+,435-456-7965,04.25.2006,MARIA,PETERSON,31-Mar-65,MD,Doctor of Medicine,Active,435-265-2254,88262,110539,phy,Physical Examination,21-May-07,,,
110546,25-May-07,3621,9376,A1,71.8,,98.6,278.63,0,0,257,Rob,Sorenson,23-Jun-56,3,AB+,801-885-7474,11.03.2002,MARIA,PETERSON,31-Mar-65,MD,Doctor of Medicine,Active,435-265-2254,88263,110546,med,Medication Administration,25-May-07,Preferred,1-Mar-07,31-Dec-07
110546,25-May-07,3621,9376,A1,71.8,,98.6,278.63,0,0,257,Rob,Sorenson,23-Jun-56,3,AB+,801-885-7474,11.03.2002,MARIA,PETERSON,31-Mar-65,MD,Doctor of Medicine,Active,435-265-2254,88264,110546,ekg,Electrocardiogram,25-May-07,Preferred,1-Mar-07,31-Dec-07
110546,25-May-07,3621,9376,A1,71.8,,98.6,278.63,0,0,257,Rob,Sorenson,23-Jun-56,3,AB+,801-885-7474,11.03.2002,MARIA,PETERSON,31-Mar-65,MD,Doctor of Medicine,Active,435-265-2254,88265,110546,img,Radiology Image,25-May-07,Preferred,1-Mar-07,31-Dec-07
110553,29-May-07,3657,9769,E,57.4,154,99.3,71.23,30,0,257,SUSAN,JONES,19-Oct-58,F,A+,276-534-9652,05.12.2001,lenard,FREEman,18-May-63,RN,Registered Nurse,Active,801-892-2433,88266,110553,med,Medication Administration,29-May-07,Preferred,1-Mar-07,31-Dec-07
110560,4-Jun-07,3567,9376,C1,62.4,142,98.9,123.14,0,0,999,Sam,Lee,,N,O+,801-221-7542,07.11.2003,MARIA,PETERSON,31-Mar-65,MD,Doctor of Medicine,Active,435-265-2254,88267,110560,wnd,Wound Dressing,4-Jun-07,,,
110560,4-Jun-07,3567,9376,C1,62.4,142,98.9,123.14,0,0,999,Sam,Lee,,N,O+,801-221-7542,07.11.2003,MARIA,PETERSON,31-Mar-65,MD,Doctor of Medicine,Active,435-265-2254,88268,110560,img,Radiology Image,4-Jun-07,,,
110567,17-Jun-07,3358,9332,A1,71.2,218,98.9,279.68,20,0,290,Raymond,Davis,20-May-61,M,AB+,385-112-1125,07.14.2006,BARBARA,Thurston,13-Feb-81,RES,Resident,Student,801-889-0905,88269,110567,wrt,Wart Removal,17-Jun-07,Extreme,1-Feb-07,31-Aug-07
110567,17-Jun-07,3358,9332,A1,71.2,218,98.9,279.68,20,0,290,Raymond,Davis,20-May-61,M,AB+,385-112-1125,07.14.2006,BARBARA,Thurston,13-Feb-81,RES,Resident,Student,801-889-0905,88270,110567,phy,Physical Examination,17-Jun-07,Extreme,1-Feb-07,31-Aug-07
110574,22-Jun-07,3543,9439,B2,69,162,98.5,143.6,0,0,281,Bill,Johnson,12-Feb-41,M,O-,458-239-1112,12.22.2003,SUSAN,JONES,19-Oct-58,RN,Registered Nurse,Active,801-844-8768,88271,110574,med,Medication Administration,22-Jun-07,Premium,1-Jan-07,30-Sep-07
110574,22-Jun-07,3543,9439,B2,69,162,98.5,143.6,0,0,281,Bill,Johnson,12-Feb-41,M,O-,458-239-1112,12.22.2003,SUSAN,JONES,19-Oct-58,RN,Registered Nurse,Active,801-844-8768,88272,110574,phy,Physical Examination,22-Jun-07,Premium,1-Jan-07,30-Sep-07
110588,12-Aug-07,3599,9117,A3,58.6,93,97.1,207.4,80,0,281,Liz,Olsen,17-Mar-93,F,B+,435-872-7774,03.04.2003,SAMUEL,MAGILL,6-Dec-70,MA,Medical Assistant,Active,801-238-4565,88274,110588,phy,Physical Examination,12-Aug-07,Premium,1-Jan-07,30-Sep-07
110588,12-Aug-07,3599,9117,A3,58.6,93,97.1,207.4,80,0,281,Liz,Olsen,17-Mar-93,F,B+,435-872-7774,03.04.2003,SAMUEL,MAGILL,6-Dec-70,MA,Medical Assistant,Active,801-238-4565,88275,110588,ekg,Electrocardiogram,12-Aug-07,Premium,1-Jan-07,30-Sep-07
110595,16-Aug-07,3823,9376,B3,68.6,130,99.3,281.24,70,0,224,Arlys,Anderson,21-Apr-89,F,A+,801-649-1425,10.19.2004,MARIA,PETERSON,31-Mar-65,MD,Doctor of Medicine,Active,435-265-2254,88276,110595,img,Radiology Image,16-Aug-07,Basic,1-Jan-07,31-Dec-07
110595,16-Aug-07,3823,9376,B3,68.6,130,99.3,281.24,70,0,224,Arlys,Anderson,21-Apr-89,F,A+,801-649-1425,10.19.2004,MARIA,PETERSON,31-Mar-65,MD,Doctor of Medicine,Active,435-265-2254,88277,110595,cst,Cast,16-Aug-07,Basic,1-Jan-07,31-Dec-07
110602,21-Aug-07,3852,9332,A1,62,136,98.7,80.07,0,0,224,Lorie,Jones,3-Mar-72,F,,801-234-7319,02.20.2005,BARBARA,Thurston,13-Feb-81,RES,Resident,Student,801-889-0905,88279,110602,med,Medication Administration,21-Aug-07,Basic,1-Jan-07,31-Dec-07
110609,27-Aug-07,3966,9376,A1,,133,102.7,233.33,0,0,281,Amanda,Lorenz,19-Oct-54,F,O+,801-744-7353,09.26.2000,MARIA,PETERSON,31-Mar-65,MD,Doctor of Medicine,Active,435-265-2254,88280,110609,,,27-Aug-07,Premium,1-Jan-07,30-Sep-07
110609,27-Aug-07,3966,9376,A1,,133,102.7,233.33,0,0,281,Amanda,Lorenz,19-Oct-54,F,O+,801-744-7353,09.26.2000,MARIA,PETERSON,31-Mar-65,MD,Doctor of Medicine,Active,435-265-2254,88281,110609,wnd,Wound Dressing,27-Aug-07,Premium,1-Jan-07,30-Sep-07
110609,27-Aug-07,3966,9376,A1,,133,102.7,233.33,0,0,281,Amanda,Lorenz,19-Oct-54,F,O+,801-744-7353,09.26.2000,MARIA,PETERSON,31-Mar-65,MD,Doctor of Medicine,Active,435-265-2254,88282,110609,img,Radiology Image,27-Aug-07,Premium,1-Jan-07,30-Sep-07
110609,27-Aug-07,3966,9376,A1,,133,102.7,233.33,0,0,281,Amanda,Lorenz,19-Oct-54,F,O+,801-744-7353,09.26.2000,MARIA,PETERSON,31-Mar-65,MD,Doctor of Medicine,Active,435-265-2254,88283,110609,wnd,Wound Dressing,27-Aug-07,Premium,1-Jan-07,30-Sep-07
110616,1-Sep-07,3482,9883,B1,66.2,162,95.3,226.32,0,0,224,Harrold,Jensen,3-Jul-24,M,A+,385-278-8865,04.27.2000,ARVID,redman,11-Mar-46,MD,Doctor of Medicine,Active,385-432-9812,88284,110616,img,Radiology Image,23-Sep-07,Basic,1-Jan-07,31-Dec-07
110616,1-Sep-07,3482,9883,B1,66.2,162,95.3,226.32,0,0,224,Harrold,Jensen,3-Jul-24,M,A+,385-278-8865,04.27.2000,ARVID,redman,11-Mar-46,MD,Doctor of Medicine,Active,385-432-9812,88285,110616,ekg,Electrocardiogram,23-Sep-07,Basic,1-Jan-07,31-Dec-07
110623,26-Sep-07,3257,9248,B2,36.6,68,97.4,281.05,240,0,299,,Alvarez,8-Jan-04,,A-,385-590-1477,10.07.2004,BILL,JOHNSON,29-Sep-58,RN,Registered Nurse,Active,801-111-2323,88286,110623,img,Radiology Image,26-Sep-07,Cancelled,1-Jan-99,1-Jan-99
110623,26-Sep-07,3257,9248,B2,36.6,68,97.4,281.05,240,0,299,,Alvarez,8-Jan-04,,A-,385-590-1477,10.07.2004,BILL,JOHNSON,29-Sep-58,RN,Registered Nurse,Active,801-111-2323,88287,110623,cst,Cast,26-Sep-07,Cancelled,1-Jan-99,1-Jan-99
110630,28-Sep-07,3548,9376,A2,59.8,108,99.9,90.55,40,1,224,Sandra,Carville,2-Jan-37,F,O+,801-221-2354,08.13.1996,MARIA,PETERSON,31-Mar-65,MD,Doctor of Medicine,Active,435-265-2254,88288,110630,med,Medication Administration,28-Sep-07,Basic,1-Jan-07,31-Dec-07
110637,30-Sep-07,3873,9769,B1,78.2,228,99.4,215.95,0,0,257,Dirk,Sorensen,4-Nov-43,M,O+,435-342-4252,01.15.2005,lenard,FREEman,18-May-63,RN,Registered Nurse,Active,801-892-2433,88289,110637,wrt,Wart Removal,30-Sep-07,Preferred,1-Mar-07,31-Dec-07
110644,1-Oct-07,3873,9883,E,78.2,229,99.3,87.71,40,0,257,Dirk,Sorensen,4-Nov-43,M,O+,435-342-4252,01.15.2005,ARVID,redman,11-Mar-46,MD,Doctor of Medicine,Active,385-432-9812,88290,110644,str,Suture,9-Oct-07,Preferred,1-Mar-07,31-Dec-07
110644,1-Oct-07,3873,9883,E,78.2,229,99.3,87.71,40,0,257,Dirk,Sorensen,4-Nov-43,M,O+,435-342-4252,01.15.2005,ARVID,redman,11-Mar-46,MD,Doctor of Medicine,Active,385-432-9812,88291,110644,med,Medication Administration,9-Oct-07,Preferred,1-Mar-07,31-Dec-07
110651,13-Oct-07,3873,9439,D,78,234,99.8,217.17,110,0,257,Dirk,Sorensen,4-Nov-43,M,O+,435-342-4252,01.15.2005,SUSAN,JONES,19-Oct-58,RN,Registered Nurse,Active,801-844-8768,88292,110651,wrt,Wart Removal,13-Oct-07,Preferred,1-Mar-07,31-Dec-07
110658,18-Oct-07,3873,9376,A1,77.8,226,99.1,268.86,0,0,257,Dirk,Sorensen,4-Nov-43,M,O+,435-342-4252,01.15.2005,MARIA,PETERSON,31-Mar-65,MD,Doctor of Medicine,Active,435-265-2254,88293,110658,med,Medication Administration,18-Oct-07,Preferred,1-Mar-07,31-Dec-07
110658,18-Oct-07,3873,9376,A1,77.8,226,99.1,268.86,0,0,257,Dirk,Sorensen,4-Nov-43,M,O+,435-342-4252,01.15.2005,MARIA,PETERSON,31-Mar-65,MD,Doctor of Medicine,Active,435-265-2254,88294,110658,wrt,Wart Removal,18-Oct-07,Preferred,1-Mar-07,31-Dec-07
110665,23-Oct-07,3873,9332,D,77.6,225,99.2,281,20,0,257,Dirk,Sorensen,4-Nov-43,M,O+,435-342-4252,01.15.2005,BARBARA,Thurston,13-Feb-81,RES,Resident,Student,801-889-0905,88295,110665,wrt,Wart Removal,23-Oct-07,Preferred,1-Mar-07,31-Dec-07
110665,23-Oct-07,3873,9332,D,77.6,225,99.2,281,20,0,257,Dirk,Sorensen,4-Nov-43,M,O+,435-342-4252,01.15.2005,BARBARA,Thurston,13-Feb-81,RES,Resident,Student,801-889-0905,88296,110665,phy,Physical Examination,23-Oct-07,Preferred,1-Mar-07,31-Dec-07
110672,28-Oct-07,3111,9248,B2,66.2,138,98.7,357.36,0,0,224,Maria,Peterson,29-Feb-64,F,O+,435-444-2254,11.01.1999,BILL,JOHNSON,29-Sep-58,RN,Registered Nurse,Active,801-111-2323,88297,110672,bio,Biopsy,28-Oct-07,Basic,1-Jan-07,31-Dec-07
110672,28-Oct-07,3111,9248,B2,66.2,138,98.7,357.36,0,0,224,Maria,Peterson,29-Feb-64,F,O+,435-444-2254,11.01.1999,BILL,JOHNSON,29-Sep-58,RN,Registered Nurse,Active,801-111-2323,88298,110672,img,Radiology Image,28-Oct-07,Basic,1-Jan-07,31-Dec-07
110679,5-Nov-07,3354,9883,A2,26.4,156,103.8,95.62,40,0,,Sylvia,Ming,5-Feb-69,F,O+,435-456-7965,04.25.2006,ARVID,redman,11-Mar-46,MD,Doctor of Medicine,Active,385-432-9812,88299,110679,vac,Vaccination,5-Nov-07,,,
110686,7-Nov-07,3987,9883,A1,28.2,48,104.3,50.64,10,0,257,Skye,Sanders,15-Feb-05,F,A+,801-348-8965,06.24.2005,ARVID,redman,11-Mar-46,MD,Doctor of Medicine,Active,385-432-9812,88300,110686,,,7-Nov-07,Preferred,1-Mar-07,31-Dec-07
110693,8-Nov-07,3567,,A3,62.4,141,99.7,363.44,180,0,999,Sam,Lee,,N,O+,801-221-7542,07.11.2003,,,,,,,,88301,110693,img,Radiology Image,8-Nov-07,,,
110693,8-Nov-07,3567,,A3,62.4,141,99.7,363.44,180,0,999,Sam,Lee,,N,O+,801-221-7542,07.11.2003,,,,,,,,88302,110693,cst,Cast,8-Nov-07,,,
110693,8-Nov-07,3567,,A3,62.4,141,99.7,363.44,180,0,999,Sam,Lee,,N,O+,801-221-7542,07.11.2003,,,,,,,,88303,110693,wnd,Wound Dressing,8-Nov-07,,,
110693,8-Nov-07,3567,,A3,62.4,141,99.7,363.44,180,0,999,Sam,Lee,,N,O+,801-221-7542,07.11.2003,,,,,,,,88304,110693,str,Suture,8-Nov-07,,,
110700,19-Nov-07,3543,9376,A1,69,160,98.6,157.36,30,0,281,Bill,Johnson,12-Feb-41,M,O-,458-239-1112,12.22.2003,MARIA,PETERSON,31-Mar-65,MD,Doctor of Medicine,Active,435-265-2254,88305,110700,clt,Culture,19-Nov-07,Premium,1-Jan-07,30-Sep-07
110707,20-Nov-07,3852,9248,C1,62,135,101,89.51,0,0,224,Lorie,Jones,3-Mar-72,F,,801-234-7319,02.20.2005,BILL,JOHNSON,29-Sep-58,RN,Registered Nurse,Active,801-111-2323,88306,110707,med,Medication Administration,20-Nov-07,Basic,1-Jan-07,31-Dec-07
110714,22-Nov-07,3277,9883,A2,71.8,175,98.8,291.75,50,0,290,Victor,Bates,13-Aug-32,M,B+,801-337-2417,09.08.2005,ARVID,redman,11-Mar-46,MD,Doctor of Medicine,Active,385-432-9812,88307,110714,cst,Cast,22-Nov-07,Extreme,1-Feb-07,31-Aug-07
110714,22-Nov-07,3277,9883,A2,71.8,175,98.8,291.75,50,0,290,Victor,Bates,13-Aug-32,M,B+,801-337-2417,09.08.2005,ARVID,redman,11-Mar-46,MD,Doctor of Medicine,Active,385-432-9812,88308,110714,img,Radiology Image,22-Nov-07,Extreme,1-Feb-07,31-Aug-07
110728,15-Feb-07,3987,9439,B1,30.8,57,102.7,68.16,0,0,257,Skye,Sanders,15-Feb-05,F,A+,801-348-8965,06.24.2005,SUSAN,JONES,19-Oct-58,RN,Registered Nurse,Active,801-844-8768,88311,110728,,,4-Dec-07,Preferred,1-Mar-07,31-Dec-07
110728,15-Feb-07,3987,9439,B1,30.8,57,102.7,68.16,0,0,257,Skye,Sanders,15-Feb-05,F,A+,801-348-8965,06.24.2005,SUSAN,JONES,19-Oct-58,RN,Registered Nurse,Active,801-844-8768,88312,110728,,,4-Dec-07,Preferred,1-Mar-07,31-Dec-07
110735,7-Dec-07,3966,9376,,60.8,142,98.7,177.64,50,1,281,Amanda,Lorenz,19-Oct-54,F,O+,801-744-7353,09.26.2000,MARIA,PETERSON,31-Mar-65,MD,Doctor of Medicine,Active,435-265-2254,88313,110735,img,Radiology Image,7-Dec-07,Premium,1-Jan-07,30-Sep-07
110735,7-Dec-07,3966,9376,,60.8,142,98.7,177.64,50,1,281,Amanda,Lorenz,19-Oct-54,F,O+,801-744-7353,09.26.2000,MARIA,PETERSON,31-Mar-65,MD,Doctor of Medicine,Active,435-265-2254,88314,110735,med,Medication Administration,7-Dec-07,Premium,1-Jan-07,30-Sep-07
110742,15-Dec-07,3358,9883,A2,71,211,99.5,85.51,20,0,290,Raymond,Davis,20-May-61,M,AB+,385-112-1125,07.14.2006,ARVID,redman,11-Mar-46,MD,Doctor of Medicine,Active,385-432-9812,88315,110742,med,Medication Administration,15-Dec-07,Extreme,1-Feb-07,31-Aug-07
110749,18-Dec-07,3354,9769,A1,62.2,148,98.4,265.02,10,0,,Sylvia,Ming,5-Feb-69,F,O+,435-456-7965,04.25.2006,lenard,FREEman,18-May-63,RN,Registered Nurse,Active,801-892-2433,88316,110749,wrt,Wart Removal,18-Dec-07,,,
110749,18-Dec-07,3354,9769,A1,62.2,148,98.4,265.02,10,0,,Sylvia,Ming,5-Feb-69,F,O+,435-456-7965,04.25.2006,lenard,FREEman,18-May-63,RN,Registered Nurse,Active,801-892-2433,88317,110749,med,Medication Administration,18-Dec-07,,,
110756,22-Dec-07,3111,9376,C1,66.2,133,99.5,100.78,0,0,224,Maria,Peterson,29-Feb-64,F,O+,435-444-2254,11.01.1999,MARIA,PETERSON,31-Mar-65,MD,Doctor of Medicine,Active,435-265-2254,88318,110756,phy,Physical Examination,22-Dec-07,Basic,1-Jan-07,31-Dec-07
110763,23-Dec-07,3823,9117,D,68.8,131,98.6,99.94,0,0,224,Arlys,Anderson,21-Apr-89,F,A+,801-649-1425,10.19.2004,SAMUEL,MAGILL,6-Dec-70,MA,Medical Assistant,Active,801-238-4565,88319,110763,phy,Physical Examination,23-Dec-07,Basic,1-Jan-07,31-Dec-07
110770,27-Dec-07,3657,9883,A2,57.2,148,98.6,236.91,236,0,257,SUSAN,JONES,19-Oct-58,F,A+,276-534-9652,05.12.2001,ARVID,redman,11-Mar-46,MD,Doctor of Medicine,Active,385-432-9812,88320,110770,img,Radiology Image,27-Dec-07,Preferred,1-Mar-07,31-Dec-07
110770,27-Dec-07,3657,9883,A2,57.2,148,98.6,236.91,236,0,257,SUSAN,JONES,19-Oct-58,F,A+,276-534-9652,05.12.2001,ARVID,redman,11-Mar-46,MD,Doctor of Medicine,Active,385-432-9812,88321,110770,ekg,Electrocardiogram,27-Dec-07,Preferred,1-Mar-07,31-Dec-07
110777,28-Dec-07,3312,9000,B3,69.4,268,98.7,215.01,20,0,281,Drake,O'Connor,25-Dec-87,M,A+,385-347-1148,12.29.2003,,,,,,,,88322,110777,med,Medication Administration,28-Dec-07,Premium,1-Jan-07,30-Sep-07
110777,28-Dec-07,3312,9000,B3,69.4,268,98.7,215.01,20,0,281,Drake,O'Connor,25-Dec-87,M,A+,385-347-1148,12.29.2003,,,,,,,,88323,110777,Clt,Culture,28-Dec-07,Premium,1-Jan-07,30-Sep-07
110784,31-Dec-07,3312,9883,B2,70.2,273,98.5,102.61,0,0,281,Drake,O'Connor,25-Dec-87,M,A+,385-347-1148,12.29.2003,ARVID,redman,11-Mar-46,MD,Doctor of Medicine,Active,385-432-9812,88324,110784,phy,Physical Examination,31-Dec-07,Premium,1-Jan-07,30-Sep-07
110413,26-Feb-07,3621,9248,B1,71.8,362,98.5,,,0,257,Rob,Sorenson,23-Jun-56,3,AB+,801-885-7474,11.03.2002,BILL,JOHNSON,29-Sep-58,RN,Registered Nurse,Active,801-111-2323,,,,,,Preferred,1-Mar-07,31-Dec-07
110581,9-Aug-07,3277,9883,A2,72.2,180,100.4,,,0,290,Victor,Bates,13-Aug-32,M,B+,801-337-2417,09.08.2005,ARVID,redman,11-Mar-46,MD,Doctor of Medicine,Active,385-432-9812,,,,,,Extreme,1-Feb-07,31-Aug-07
110721,26-Nov-07,3621,9883,A1,71.8,371,99.3,,,0,257,Rob,Sorenson,23-Jun-56,3,AB+,801-885-7474,11.03.2002,ARVID,redman,11-Mar-46,MD,Doctor of Medicine,Active,385-432-9812,,,,,,Preferred,1-Mar-07,31-Dec-07
