ENCOUNTER_ID,ENCOUNTER_DTS,PATIENT_ID,PROVIDER_ID,ROOM_ID,PT_HEIGHT_INCHES_VAL,PT_WEIGHT_VAL,PT_TEMPERATURE_F_VAL,TOTAL_CHARGE_AMT,TOTAL_BALANCE_AMT,MED_ERROR_FLG,INITIAL_ENCOUNTER_TXT,GENDER_CD,PATIENT_FIRST_NM,PATIENT_LAST_NM,PATIENT_BIRTH_DT,INSURANCE_ID,PATIENT_BLOOD_TYPE_CD,PATIENT_PHONE_TXT,INSURANCE_NM,COVERAGE_START_DT,COVERAGE_END_DT,PROVIDER_FIRST_NM,PROVIDER_LAST_NM,PROVIDER_BIRTH_DT,PROFESSION_TYPE_CD,PROFESSION_TYPE_DSC,PROVIDER_STATUS_TXT,PROVIDER_PHONE_TXT
110371,3-Jan-07,3852,9376,A1,62,137,,204.17,40,0,02.20.2005,F,Lorie,Jones,3-Mar-72,224,,801-234-7319,Basic,1-Jan-07,31-Dec-07,MARIA,PETERSON,31-Mar-65,MD,Doctor of Medicine,Active,435-265-2254
110371,3-Jan-07,3852,9376,A1,62,137,,204.17,40,0,02.20.2005,F,Lorie,Jones,3-Mar-72,224,,801-234-7319,Basic,1-Jan-07,31-Dec-07,MARIA,PETERSON,31-Mar-65,MD,Doctor of Medicine,Active,435-265-2254
110371,3-Jan-07,3852,9376,A1,62,137,,204.17,40,0,02.20.2005,F,Lorie,Jones,3-Mar-72,224,,801-234-7319,Basic,1-Jan-07,31-Dec-07,MARIA,PETERSON,31-Mar-65,MD,Doctor of Medicine,Active,435-265-2254
110378,17-Jan-07,3657,9248,A2,58.8,162,,116.69,50,0,05.12.2001,F,SUSAN,JONES,19-Oct-58,257,A+,276-534-9652,Preferred,1-Mar-07,31-Dec-07,BILL,JOHNSON,29-Sep-58,RN,Registered Nurse,Active,801-111-2323
110378,17-Jan-07,3657,9248,A2,58.8,162,,116.69,50,0,05.12.2001,F,SUSAN,JONES,19-Oct-58,257,A+,276-534-9652,Preferred,1-Mar-07,31-Dec-07,BILL,JOHNSON,29-Sep-58,RN,Registered Nurse,Active,801-111-2323
110385,30-Jan-07,3543,9376,A1,69,161,98.6,325.79,0,0,12.22.2003,M,Bill,Johnson,12-Feb-41,281,O-,458-239-1112,Premium,1-Jan-07,30-Sep-07,MARIA,PETERSON,31-Mar-65,MD,Doctor of Medicine,Active,435-265-2254
110385,30-Jan-07,3543,9376,A1,69,161,98.6,325.79,0,0,12.22.2003,M,Bill,Johnson,12-Feb-41,281,O-,458-239-1112,Premium,1-Jan-07,30-Sep-07,MARIA,PETERSON,31-Mar-65,MD,Doctor of Medicine,Active,435-265-2254
110385,30-Jan-07,3543,9376,A1,69,161,98.6,325.79,0,0,12.22.2003,M,Bill,Johnson,12-Feb-41,281,O-,458-239-1112,Premium,1-Jan-07,30-Sep-07,MARIA,PETERSON,31-Mar-65,MD,Doctor of Medicine,Active,435-265-2254
110385,30-Jan-07,3543,9376,A1,69,161,98.6,325.79,0,0,12.22.2003,M,Bill,Johnson,12-Feb-41,281,O-,458-239-1112,Premium,1-Jan-07,30-Sep-07,MARIA,PETERSON,31-Mar-65,MD,Doctor of Medicine,Active,435-265-2254
110392,2-Feb-07,3111,9883,A2,66.2,143,98.6,60.92,10,0,11.01.1999,F,Maria,Peterson,29-Feb-64,224,O+,435-444-2254,Basic,1-Jan-07,31-Dec-07,ARVID,redman,11-Mar-46,MD,Doctor of Medicine,Active,385-432-9812
110399,9-Feb-07,3966,9376,A3,61.2,135,98.2,252.97,0,0,09.26.2000,F,Amanda,Lorenz,19-Oct-54,281,O+,801-744-7353,Premium,1-Jan-07,30-Sep-07,MARIA,PETERSON,31-Mar-65,MD,Doctor of Medicine,Active,435-265-2254
110406,18-Feb-07,3657,9376,A1,58.6,,98.7,83.81,0,1,05.12.2001,F,SUSAN,JONES,19-Oct-58,257,A+,276-534-9652,Preferred,1-Mar-07,31-Dec-07,MARIA,PETERSON,31-Mar-65,MD,Doctor of Medicine,Active,435-265-2254
110420,1-Mar-07,3277,9883,B2,73.4,183,99.9,127.98,10,0,09.08.2005,M,Victor,Bates,13-Aug-32,290,B+,801-337-2417,Extreme,1-Feb-07,31-Aug-07,ARVID,redman,11-Mar-46,MD,Doctor of Medicine,Active,385-432-9812
110420,1-Mar-07,3277,9883,B2,73.4,183,99.9,127.98,10,0,09.08.2005,M,Victor,Bates,13-Aug-32,290,B+,801-337-2417,Extreme,1-Feb-07,31-Aug-07,ARVID,redman,11-Mar-46,MD,Doctor of Medicine,Active,385-432-9812
110427,5-Mar-07,3312,9376,A2,69.2,260,101.3,188.11,0,1,12.29.2003,M,Drake,O'Connor,25-Dec-87,281,A+,385-347-1148,Premium,1-Jan-07,30-Sep-07,MARIA,PETERSON,31-Mar-65,MD,Doctor of Medicine,Active,435-265-2254
110427,5-Mar-07,3312,9376,A2,69.2,260,101.3,188.11,0,1,12.29.2003,M,Drake,O'Connor,25-Dec-87,281,A+,385-347-1148,Premium,1-Jan-07,30-Sep-07,MARIA,PETERSON,31-Mar-65,MD,Doctor of Medicine,Active,435-265-2254
110427,5-Mar-07,3312,9376,A2,69.2,260,101.3,188.11,0,1,12.29.2003,M,Drake,O'Connor,25-Dec-87,281,A+,385-347-1148,Premium,1-Jan-07,30-Sep-07,MARIA,PETERSON,31-Mar-65,MD,Doctor of Medicine,Active,435-265-2254
110434,11-Mar-07,3482,9439,A1,67.8,163,96.2,98.01,40,0,04.27.2000,M,Harrold,Jensen,3-Jul-24,224,A+,385-278-8865,Basic,1-Jan-07,31-Dec-07,SUSAN,JONES,19-Oct-58,RN,Registered Nurse,Active,801-844-8768
110441,13-Mar-07,3354,9376,D,62.2,155,98.6,259.9,100,0,04.25.2006,F,Sylvia,Ming,5-Feb-69,,O+,435-456-7965,,,,MARIA,PETERSON,31-Mar-65,MD,Doctor of Medicine,Active,435-265-2254
110448,21-Mar-07,3823,9376,B1,,133,98.9,300.98,0,0,10.19.2004,F,Arlys,Anderson,21-Apr-89,224,A+,801-649-1425,Basic,1-Jan-07,31-Dec-07,MARIA,PETERSON,31-Mar-65,MD,Doctor of Medicine,Active,435-265-2254
110448,21-Mar-07,3823,9376,B1,,133,98.9,300.98,0,0,10.19.2004,F,Arlys,Anderson,21-Apr-89,224,A+,801-649-1425,Basic,1-Jan-07,31-Dec-07,MARIA,PETERSON,31-Mar-65,MD,Doctor of Medicine,Active,435-265-2254
110455,24-Mar-07,3567,9769,B3,62.4,145,101.8,119.78,50,0,07.11.2003,N,Sam,Lee,,999,O+,801-221-7542,,,,lenard,FREEman,18-May-63,RN,Registered Nurse,Active,801-892-2433
110455,24-Mar-07,3567,9769,B3,62.4,145,101.8,119.78,50,0,07.11.2003,N,Sam,Lee,,999,O+,801-221-7542,,,,lenard,FREEman,18-May-63,RN,Registered Nurse,Active,801-892-2433
110462,27-Mar-07,3966,9883,B1,61,138,98.6,144.44,0,0,09.26.2000,F,Amanda,Lorenz,19-Oct-54,281,O+,801-744-7353,Premium,1-Jan-07,30-Sep-07,ARVID,redman,11-Mar-46,MD,Doctor of Medicine,Active,385-432-9812
110469,31-Mar-07,3587,9248,A3,67.4,155,98.6,192.04,10,0,04.09.1997,M,Stanley,Oldroyd,28-Aug-20,257,A+,801-766-2122,Preferred,1-Mar-07,31-Dec-07,BILL,JOHNSON,29-Sep-58,RN,Registered Nurse,Active,801-111-2323
110469,31-Mar-07,3587,9248,A3,67.4,155,98.6,192.04,10,0,04.09.1997,M,Stanley,Oldroyd,28-Aug-20,257,A+,801-766-2122,Preferred,1-Mar-07,31-Dec-07,BILL,JOHNSON,29-Sep-58,RN,Registered Nurse,Active,801-111-2323
110476,7-Jan-07,3257,9376,C1,33.8,63,97.2,184.67,60,0,10.07.2004,,,Alvarez,8-Jan-04,299,A-,385-590-1477,Cancelled,1-Jan-99,1-Jan-99,MARIA,PETERSON,31-Mar-65,MD,Doctor of Medicine,Active,435-265-2254
110476,7-Jan-07,3257,9376,C1,33.8,63,97.2,184.67,60,0,10.07.2004,,,Alvarez,8-Jan-04,299,A-,385-590-1477,Cancelled,1-Jan-99,1-Jan-99,MARIA,PETERSON,31-Mar-65,MD,Doctor of Medicine,Active,435-265-2254
110483,20-Apr-07,3543,9117,A1,69.2,154,98.7,84.82,0,0,12.22.2003,M,Bill,Johnson,12-Feb-41,281,O-,458-239-1112,Premium,1-Jan-07,30-Sep-07,SAMUEL,MAGILL,6-Dec-70,MA,Medical Assistant,Active,801-238-4565
110490,2-May-07,3358,9883,D,71,225,98.3,135.59,0,0,07.14.2006,M,Raymond,Davis,20-May-61,290,AB+,385-112-1125,Extreme,1-Feb-07,31-Aug-07,ARVID,redman,11-Mar-46,MD,Doctor of Medicine,Active,385-432-9812
110497,8-May-07,3621,9376,,71.8,368,98.4,336.57,10,0,11.03.2002,3,Rob,Sorenson,23-Jun-56,257,AB+,801-885-7474,Preferred,1-Mar-07,31-Dec-07,MARIA,PETERSON,31-Mar-65,MD,Doctor of Medicine,Active,435-265-2254
110497,8-May-07,3621,9376,,71.8,368,98.4,336.57,10,0,11.03.2002,3,Rob,Sorenson,23-Jun-56,257,AB+,801-885-7474,Preferred,1-Mar-07,31-Dec-07,MARIA,PETERSON,31-Mar-65,MD,Doctor of Medicine,Active,435-265-2254
110497,8-May-07,3621,9376,,71.8,368,98.4,336.57,10,0,11.03.2002,3,Rob,Sorenson,23-Jun-56,257,AB+,801-885-7474,Preferred,1-Mar-07,31-Dec-07,MARIA,PETERSON,31-Mar-65,MD,Doctor of Medicine,Active,435-265-2254
110497,8-May-07,3621,9376,,71.8,368,98.4,336.57,10,0,11.03.2002,3,Rob,Sorenson,23-Jun-56,257,AB+,801-885-7474,Preferred,1-Mar-07,31-Dec-07,MARIA,PETERSON,31-Mar-65,MD,Doctor of Medicine,Active,435-265-2254
110504,10-May-07,3277,9376,C1,72.6,,102.3,140,30,0,09.08.2005,M,Victor,Bates,13-Aug-32,290,B+,801-337-2417,Extreme,1-Feb-07,31-Aug-07,MARIA,PETERSON,31-Mar-65,MD,Doctor of Medicine,Active,435-265-2254
110511,11-May-07,3257,9376,A1,35.4,65,97.5,520.71,0,0,10.07.2004,,,Alvarez,8-Jan-04,299,A-,385-590-1477,Cancelled,1-Jan-99,1-Jan-99,MARIA,PETERSON,31-Mar-65,MD,Doctor of Medicine,Active,435-265-2254
110511,11-May-07,3257,9376,A1,35.4,65,97.5,520.71,0,0,10.07.2004,,,Alvarez,8-Jan-04,299,A-,385-590-1477,Cancelled,1-Jan-99,1-Jan-99,MARIA,PETERSON,31-Mar-65,MD,Doctor of Medicine,Active,435-265-2254
110511,11-May-07,3257,9376,A1,35.4,65,97.5,520.71,0,0,10.07.2004,,,Alvarez,8-Jan-04,299,A-,385-590-1477,Cancelled,1-Jan-99,1-Jan-99,MARIA,PETERSON,31-Mar-65,MD,Doctor of Medicine,Active,435-265-2254
110511,11-May-07,3257,9376,A1,35.4,65,97.5,520.71,0,0,10.07.2004,,,Alvarez,8-Jan-04,299,A-,385-590-1477,Cancelled,1-Jan-99,1-Jan-99,MARIA,PETERSON,31-Mar-65,MD,Doctor of Medicine,Active,435-265-2254
110511,11-May-07,3257,9376,A1,35.4,65,97.5,520.71,0,0,10.07.2004,,,Alvarez,8-Jan-04,299,A-,385-590-1477,Cancelled,1-Jan-99,1-Jan-99,MARIA,PETERSON,31-Mar-65,MD,Doctor of Medicine,Active,435-265-2254
110511,11-May-07,3257,9376,A1,35.4,65,97.5,520.71,0,0,10.07.2004,,,Alvarez,8-Jan-04,299,A-,385-590-1477,Cancelled,1-Jan-99,1-Jan-99,MARIA,PETERSON,31-Mar-65,MD,Doctor of Medicine,Active,435-265-2254
110518,16-May-07,3111,9248,B2,66.4,132,98.5,142.88,40,0,11.01.1999,F,Maria,Peterson,29-Feb-64,224,O+,435-444-2254,Basic,1-Jan-07,31-Dec-07,BILL,JOHNSON,29-Sep-58,RN,Registered Nurse,Active,801-111-2323
110525,17-May-07,3543,9883,D,69.2,159,,206.92,0,0,12.22.2003,M,Bill,Johnson,12-Feb-41,281,O-,458-239-1112,Premium,1-Jan-07,30-Sep-07,ARVID,redman,11-Mar-46,MD,Doctor of Medicine,Active,385-432-9812
110525,17-May-07,3543,9883,D,69.2,159,,206.92,0,0,12.22.2003,M,Bill,Johnson,12-Feb-41,281,O-,458-239-1112,Premium,1-Jan-07,30-Sep-07,ARVID,redman,11-Mar-46,MD,Doctor of Medicine,Active,385-432-9812
110532,19-May-07,3852,9439,A2,62,193,96.8,180.42,0,0,02.20.2005,F,Lorie,Jones,3-Mar-72,224,,801-234-7319,Basic,1-Jan-07,31-Dec-07,SUSAN,JONES,19-Oct-58,RN,Registered Nurse,Active,801-844-8768
110532,19-May-07,3852,9439,A2,62,193,96.8,180.42,0,0,02.20.2005,F,Lorie,Jones,3-Mar-72,224,,801-234-7319,Basic,1-Jan-07,31-Dec-07,SUSAN,JONES,19-Oct-58,RN,Registered Nurse,Active,801-844-8768
110539,21-May-07,3354,9376,D,62.2,145,98.7,87.03,0,0,04.25.2006,F,Sylvia,Ming,5-Feb-69,,O+,435-456-7965,,,,MARIA,PETERSON,31-Mar-65,MD,Doctor of Medicine,Active,435-265-2254
110546,25-May-07,3621,9376,A1,71.8,,98.6,278.63,0,0,11.03.2002,3,Rob,Sorenson,23-Jun-56,257,AB+,801-885-7474,Preferred,1-Mar-07,31-Dec-07,MARIA,PETERSON,31-Mar-65,MD,Doctor of Medicine,Active,435-265-2254
110546,25-May-07,3621,9376,A1,71.8,,98.6,278.63,0,0,11.03.2002,3,Rob,Sorenson,23-Jun-56,257,AB+,801-885-7474,Preferred,1-Mar-07,31-Dec-07,MARIA,PETERSON,31-Mar-65,MD,Doctor of Medicine,Active,435-265-2254
110546,25-May-07,3621,9376,A1,71.8,,98.6,278.63,0,0,11.03.2002,3,Rob,Sorenson,23-Jun-56,257,AB+,801-885-7474,Preferred,1-Mar-07,31-Dec-07,MARIA,PETERSON,31-Mar-65,MD,Doctor of Medicine,Active,435-265-2254
110553,29-May-07,3657,9769,E,57.4,154,99.3,71.23,30,0,05.12.2001,F,SUSAN,JONES,19-Oct-58,257,A+,276-534-9652,Preferred,1-Mar-07,31-Dec-07,lenard,FREEman,18-May-63,RN,Registered Nurse,Active,801-892-2433
110560,4-Jun-07,3567,9376,C1,62.4,142,98.9,123.14,0,0,07.11.2003,N,Sam,Lee,,999,O+,801-221-7542,,,,MARIA,PETERSON,31-Mar-65,MD,Doctor of Medicine,Active,435-265-2254
110560,4-Jun-07,3567,9376,C1,62.4,142,98.9,123.14,0,0,07.11.2003,N,Sam,Lee,,999,O+,801-221-7542,,,,MARIA,PETERSON,31-Mar-65,MD,Doctor of Medicine,Active,435-265-2254
110567,17-Jun-07,3358,9332,A1,71.2,218,98.9,279.68,20,0,07.14.2006,M,Raymond,Davis,20-May-61,290,AB+,385-112-1125,Extreme,1-Feb-07,31-Aug-07,BARBARA,Thurston,13-Feb-81,RES,Resident,Student,801-889-0905
110567,17-Jun-07,3358,9332,A1,71.2,218,98.9,279.68,20,0,07.14.2006,M,Raymond,Davis,20-May-61,290,AB+,385-112-1125,Extreme,1-Feb-07,31-Aug-07,BARBARA,Thurston,13-Feb-81,RES,Resident,Student,801-889-0905
110574,22-Jun-07,3543,9439,B2,69,162,98.5,143.6,0,0,12.22.2003,M,Bill,Johnson,12-Feb-41,281,O-,458-239-1112,Premium,1-Jan-07,30-Sep-07,SUSAN,JONES,19-Oct-58,RN,Registered Nurse,Active,801-844-8768
110574,22-Jun-07,3543,9439,B2,69,162,98.5,143.6,0,0,12.22.2003,M,Bill,Johnson,12-Feb-41,281,O-,458-239-1112,Premium,1-Jan-07,30-Sep-07,SUSAN,JONES,19-Oct-58,RN,Registered Nurse,Active,801-844-8768
110588,12-Aug-07,3599,9117,A3,58.6,93,97.1,207.4,80,0,03.04.2003,F,Liz,Olsen,17-Mar-93,281,B+,435-872-7774,Premium,1-Jan-07,30-Sep-07,SAMUEL,MAGILL,6-Dec-70,MA,Medical Assistant,Active,801-238-4565
110588,12-Aug-07,3599,9117,A3,58.6,93,97.1,207.4,80,0,03.04.2003,F,Liz,Olsen,17-Mar-93,281,B+,435-872-7774,Premium,1-Jan-07,30-Sep-07,SAMUEL,MAGILL,6-Dec-70,MA,Medical Assistant,Active,801-238-4565
110595,16-Aug-07,3823,9376,B3,68.6,130,99.3,281.24,70,0,10.19.2004,F,Arlys,Anderson,21-Apr-89,224,A+,801-649-1425,Basic,1-Jan-07,31-Dec-07,MARIA,PETERSON,31-Mar-65,MD,Doctor of Medicine,Active,435-265-2254
110595,16-Aug-07,3823,9376,B3,68.6,130,99.3,281.24,70,0,10.19.2004,F,Arlys,Anderson,21-Apr-89,224,A+,801-649-1425,Basic,1-Jan-07,31-Dec-07,MARIA,PETERSON,31-Mar-65,MD,Doctor of Medicine,Active,435-265-2254
110602,21-Aug-07,3852,9332,A1,62,136,98.7,80.07,0,0,02.20.2005,F,Lorie,Jones,3-Mar-72,224,,801-234-7319,Basic,1-Jan-07,31-Dec-07,BARBARA,Thurston,13-Feb-81,RES,Resident,Student,801-889-0905
110609,27-Aug-07,3966,9376,A1,,133,102.7,233.33,0,0,09.26.2000,F,Amanda,Lorenz,19-Oct-54,281,O+,801-744-7353,Premium,1-Jan-07,30-Sep-07,MARIA,PETERSON,31-Mar-65,MD,Doctor of Medicine,Active,435-265-2254
110609,27-Aug-07,3966,9376,A1,,133,102.7,233.33,0,0,09.26.2000,F,Amanda,Lorenz,19-Oct-54,281,O+,801-744-7353,Premium,1-Jan-07,30-Sep-07,MARIA,PETERSON,31-Mar-65,MD,Doctor of Medicine,Active,435-265-2254
110609,27-Aug-07,3966,9376,A1,,133,102.7,233.33,0,0,09.26.2000,F,Amanda,Lorenz,19-Oct-54,281,O+,801-744-7353,Premium,1-Jan-07,30-Sep-07,MARIA,PETERSON,31-Mar-65,MD,Doctor of Medicine,Active,435-265-2254
110609,27-Aug-07,3966,9376,A1,,133,102.7,233.33,0,0,09.26.2000,F,Amanda,Lorenz,19-Oct-54,281,O+,801-744-7353,Premium,1-Jan-07,30-Sep-07,MARIA,PETERSON,31-Mar-65,MD,Doctor of Medicine,Active,435-265-2254
110616,1-Sep-07,3482,9883,B1,66.2,162,95.3,226.32,0,0,04.27.2000,M,Harrold,Jensen,3-Jul-24,224,A+,385-278-8865,Basic,1-Jan-07,31-Dec-07,ARVID,redman,11-Mar-46,MD,Doctor of Medicine,Active,385-432-9812
110616,1-Sep-07,3482,9883,B1,66.2,162,95.3,226.32,0,0,04.27.2000,M,Harrold,Jensen,3-Jul-24,224,A+,385-278-8865,Basic,1-Jan-07,31-Dec-07,ARVID,redman,11-Mar-46,MD,Doctor of Medicine,Active,385-432-9812
110623,26-Sep-07,3257,9248,B2,36.6,68,97.4,281.05,240,0,10.07.2004,,,Alvarez,8-Jan-04,299,A-,385-590-1477,Cancelled,1-Jan-99,1-Jan-99,BILL,JOHNSON,29-Sep-58,RN,Registered Nurse,Active,801-111-2323
110623,26-Sep-07,3257,9248,B2,36.6,68,97.4,281.05,240,0,10.07.2004,,,Alvarez,8-Jan-04,299,A-,385-590-1477,Cancelled,1-Jan-99,1-Jan-99,BILL,JOHNSON,29-Sep-58,RN,Registered Nurse,Active,801-111-2323
110630,28-Sep-07,3548,9376,A2,59.8,108,99.9,90.55,40,1,08.13.1996,F,Sandra,Carville,2-Jan-37,224,O+,801-221-2354,Basic,1-Jan-07,31-Dec-07,MARIA,PETERSON,31-Mar-65,MD,Doctor of Medicine,Active,435-265-2254
110637,30-Sep-07,3873,9769,B1,78.2,228,99.4,215.95,0,0,01.15.2005,M,Dirk,Sorensen,4-Nov-43,257,O+,435-342-4252,Preferred,1-Mar-07,31-Dec-07,lenard,FREEman,18-May-63,RN,Registered Nurse,Active,801-892-2433
110644,1-Oct-07,3873,9883,E,78.2,229,99.3,87.71,40,0,01.15.2005,M,Dirk,Sorensen,4-Nov-43,257,O+,435-342-4252,Preferred,1-Mar-07,31-Dec-07,ARVID,redman,11-Mar-46,MD,Doctor of Medicine,Active,385-432-9812
110644,1-Oct-07,3873,9883,E,78.2,229,99.3,87.71,40,0,01.15.2005,M,Dirk,Sorensen,4-Nov-43,257,O+,435-342-4252,Preferred,1-Mar-07,31-Dec-07,ARVID,redman,11-Mar-46,MD,Doctor of Medicine,Active,385-432-9812
110651,13-Oct-07,3873,9439,D,78,234,99.8,217.17,110,0,01.15.2005,M,Dirk,Sorensen,4-Nov-43,257,O+,435-342-4252,Preferred,1-Mar-07,31-Dec-07,SUSAN,JONES,19-Oct-58,RN,Registered Nurse,Active,801-844-8768
110658,18-Oct-07,3873,9376,A1,77.8,226,99.1,268.86,0,0,01.15.2005,M,Dirk,Sorensen,4-Nov-43,257,O+,435-342-4252,Preferred,1-Mar-07,31-Dec-07,MARIA,PETERSON,31-Mar-65,MD,Doctor of Medicine,Active,435-265-2254
110658,18-Oct-07,3873,9376,A1,77.8,226,99.1,268.86,0,0,01.15.2005,M,Dirk,Sorensen,4-Nov-43,257,O+,435-342-4252,Preferred,1-Mar-07,31-Dec-07,MARIA,PETERSON,31-Mar-65,MD,Doctor of Medicine,Active,435-265-2254
110665,23-Oct-07,3873,9332,D,77.6,225,99.2,281,20,0,01.15.2005,M,Dirk,Sorensen,4-Nov-43,257,O+,435-342-4252,Preferred,1-Mar-07,31-Dec-07,BARBARA,Thurston,13-Feb-81,RES,Resident,Student,801-889-0905
110665,23-Oct-07,3873,9332,D,77.6,225,99.2,281,20,0,01.15.2005,M,Dirk,Sorensen,4-Nov-43,257,O+,435-342-4252,Preferred,1-Mar-07,31-Dec-07,BARBARA,Thurston,13-Feb-81,RES,Resident,Student,801-889-0905
110672,28-Oct-07,3111,9248,B2,66.2,138,98.7,357.36,0,0,11.01.1999,F,Maria,Peterson,29-Feb-64,224,O+,435-444-2254,Basic,1-Jan-07,31-Dec-07,BILL,JOHNSON,29-Sep-58,RN,Registered Nurse,Active,801-111-2323
110672,28-Oct-07,3111,9248,B2,66.2,138,98.7,357.36,0,0,11.01.1999,F,Maria,Peterson,29-Feb-64,224,O+,435-444-2254,Basic,1-Jan-07,31-Dec-07,BILL,JOHNSON,29-Sep-58,RN,Registered Nurse,Active,801-111-2323
110679,5-Nov-07,3354,9883,A2,26.4,156,103.8,95.62,40,0,04.25.2006,F,Sylvia,Ming,5-Feb-69,,O+,435-456-7965,,,,ARVID,redman,11-Mar-46,MD,Doctor of Medicine,Active,385-432-9812
110686,7-Nov-07,3987,9883,A1,28.2,48,104.3,50.64,10,0,06.24.2005,F,Skye,Sanders,15-Feb-05,257,A+,801-348-8965,Preferred,1-Mar-07,31-Dec-07,ARVID,redman,11-Mar-46,MD,Doctor of Medicine,Active,385-432-9812
110693,8-Nov-07,3567,,A3,62.4,141,99.7,363.44,180,0,07.11.2003,N,Sam,Lee,,999,O+,801-221-7542,,,,,,,,,,
110693,8-Nov-07,3567,,A3,62.4,141,99.7,363.44,180,0,07.11.2003,N,Sam,Lee,,999,O+,801-221-7542,,,,,,,,,,
110693,8-Nov-07,3567,,A3,62.4,141,99.7,363.44,180,0,07.11.2003,N,Sam,Lee,,999,O+,801-221-7542,,,,,,,,,,
110693,8-Nov-07,3567,,A3,62.4,141,99.7,363.44,180,0,07.11.2003,N,Sam,Lee,,999,O+,801-221-7542,,,,,,,,,,
110700,19-Nov-07,3543,9376,A1,69,160,98.6,157.36,30,0,12.22.2003,M,Bill,Johnson,12-Feb-41,281,O-,458-239-1112,Premium,1-Jan-07,30-Sep-07,MARIA,PETERSON,31-Mar-65,MD,Doctor of Medicine,Active,435-265-2254
110707,20-Nov-07,3852,9248,C1,62,135,101,89.51,0,0,02.20.2005,F,Lorie,Jones,3-Mar-72,224,,801-234-7319,Basic,1-Jan-07,31-Dec-07,BILL,JOHNSON,29-Sep-58,RN,Registered Nurse,Active,801-111-2323
110714,22-Nov-07,3277,9883,A2,71.8,175,98.8,291.75,50,0,09.08.2005,M,Victor,Bates,13-Aug-32,290,B+,801-337-2417,Extreme,1-Feb-07,31-Aug-07,ARVID,redman,11-Mar-46,MD,Doctor of Medicine,Active,385-432-9812
110714,22-Nov-07,3277,9883,A2,71.8,175,98.8,291.75,50,0,09.08.2005,M,Victor,Bates,13-Aug-32,290,B+,801-337-2417,Extreme,1-Feb-07,31-Aug-07,ARVID,redman,11-Mar-46,MD,Doctor of Medicine,Active,385-432-9812
110728,15-Feb-07,3987,9439,B1,30.8,57,102.7,68.16,0,0,06.24.2005,F,Skye,Sanders,15-Feb-05,257,A+,801-348-8965,Preferred,1-Mar-07,31-Dec-07,SUSAN,JONES,19-Oct-58,RN,Registered Nurse,Active,801-844-8768
110728,15-Feb-07,3987,9439,B1,30.8,57,102.7,68.16,0,0,06.24.2005,F,Skye,Sanders,15-Feb-05,257,A+,801-348-8965,Preferred,1-Mar-07,31-Dec-07,SUSAN,JONES,19-Oct-58,RN,Registered Nurse,Active,801-844-8768
110735,7-Dec-07,3966,9376,,60.8,142,98.7,177.64,50,1,09.26.2000,F,Amanda,Lorenz,19-Oct-54,281,O+,801-744-7353,Premium,1-Jan-07,30-Sep-07,MARIA,PETERSON,31-Mar-65,MD,Doctor of Medicine,Active,435-265-2254
110735,7-Dec-07,3966,9376,,60.8,142,98.7,177.64,50,1,09.26.2000,F,Amanda,Lorenz,19-Oct-54,281,O+,801-744-7353,Premium,1-Jan-07,30-Sep-07,MARIA,PETERSON,31-Mar-65,MD,Doctor of Medicine,Active,435-265-2254
110742,15-Dec-07,3358,9883,A2,71,211,99.5,85.51,20,0,07.14.2006,M,Raymond,Davis,20-May-61,290,AB+,385-112-1125,Extreme,1-Feb-07,31-Aug-07,ARVID,redman,11-Mar-46,MD,Doctor of Medicine,Active,385-432-9812
110749,18-Dec-07,3354,9769,A1,62.2,148,98.4,265.02,10,0,04.25.2006,F,Sylvia,Ming,5-Feb-69,,O+,435-456-7965,,,,lenard,FREEman,18-May-63,RN,Registered Nurse,Active,801-892-2433
110749,18-Dec-07,3354,9769,A1,62.2,148,98.4,265.02,10,0,04.25.2006,F,Sylvia,Ming,5-Feb-69,,O+,435-456-7965,,,,lenard,FREEman,18-May-63,RN,Registered Nurse,Active,801-892-2433
110756,22-Dec-07,3111,9376,C1,66.2,133,99.5,100.78,0,0,11.01.1999,F,Maria,Peterson,29-Feb-64,224,O+,435-444-2254,Basic,1-Jan-07,31-Dec-07,MARIA,PETERSON,31-Mar-65,MD,Doctor of Medicine,Active,435-265-2254
110763,23-Dec-07,3823,9117,D,68.8,131,98.6,99.94,0,0,10.19.2004,F,Arlys,Anderson,21-Apr-89,224,A+,801-649-1425,Basic,1-Jan-07,31-Dec-07,SAMUEL,MAGILL,6-Dec-70,MA,Medical Assistant,Active,801-238-4565
110770,27-Dec-07,3657,9883,A2,57.2,148,98.6,236.91,236,0,05.12.2001,F,SUSAN,JONES,19-Oct-58,257,A+,276-534-9652,Preferred,1-Mar-07,31-Dec-07,ARVID,redman,11-Mar-46,MD,Doctor of Medicine,Active,385-432-9812
110770,27-Dec-07,3657,9883,A2,57.2,148,98.6,236.91,236,0,05.12.2001,F,SUSAN,JONES,19-Oct-58,257,A+,276-534-9652,Preferred,1-Mar-07,31-Dec-07,ARVID,redman,11-Mar-46,MD,Doctor of Medicine,Active,385-432-9812
110777,28-Dec-07,3312,9000,B3,69.4,268,98.7,215.01,20,0,12.29.2003,M,Drake,O'Connor,25-Dec-87,281,A+,385-347-1148,Premium,1-Jan-07,30-Sep-07,,,,,,,
110777,28-Dec-07,3312,9000,B3,69.4,268,98.7,215.01,20,0,12.29.2003,M,Drake,O'Connor,25-Dec-87,281,A+,385-347-1148,Premium,1-Jan-07,30-Sep-07,,,,,,,
110784,31-Dec-07,3312,9883,B2,70.2,273,98.5,102.61,0,0,12.29.2003,M,Drake,O'Connor,25-Dec-87,281,A+,385-347-1148,Premium,1-Jan-07,30-Sep-07,ARVID,redman,11-Mar-46,MD,Doctor of Medicine,Active,385-432-9812
110413,26-Feb-07,3621,9248,B1,71.8,362,98.5,,,0,11.03.2002,3,Rob,Sorenson,23-Jun-56,257,AB+,801-885-7474,Preferred,1-Mar-07,31-Dec-07,BILL,JOHNSON,29-Sep-58,RN,Registered Nurse,Active,801-111-2323
110581,9-Aug-07,3277,9883,A2,72.2,180,100.4,,,0,09.08.2005,M,Victor,Bates,13-Aug-32,290,B+,801-337-2417,Extreme,1-Feb-07,31-Aug-07,ARVID,redman,11-Mar-46,MD,Doctor of Medicine,Active,385-432-9812
110721,26-Nov-07,3621,9883,A1,71.8,371,99.3,,,0,11.03.2002,3,Rob,Sorenson,23-Jun-56,257,AB+,801-885-7474,Preferred,1-Mar-07,31-Dec-07,ARVID,redman,11-Mar-46,MD,Doctor of Medicine,Active,385-432-9812
